INSERT INTO categories (category, color) VALUES
('free time',         '#3F51B5'), -- indigo
('health',            '#2196F3'), -- blue
('house',             '#009688'), -- teal
('living',            '#8BC34A'), -- light green
('mobility',          '#CDDC39'), -- lime
('finance',           '#FF5722'), -- deep orange
('work and training', '#FFC107'), -- amber
('other',             '#BDBDBD')
;

INSERT INTO sub_categories (sub_category) VALUES
('general'),
('food'),
('clothes'),
('household'),
('pets'),
('hobbies'),
('sport'),
('going out'),
('entertainment'),
('travel'),
('gadgets'),
('presents'),
('doctor visits'),
('medicinals'),
('wellness'),
('rent'),
('furniture and accessories'),
('electricity'),
('internet'),
('phone'),
('gas'),
('fees'),
('vehicle'),
('public transport'),
('saving'),
('credit'),
('costs and fees'),
('insurance'),
('spending'),
('taxes'),
('support'),
('training'),
('material'),
('assistance'),
('contribution'),
('cash'),
('to categorize'),
('salary'),
('internal transfer')
;

INSERT INTO category_match (category, sub_category, color) VALUES
  ('health', 'general', '#42A5F5'),
  ('health', 'doctor visits', '#90CAF9'),
  ('health', 'medicinals', '#1E88E5'),
  ('health', 'wellness', '#1565C0'),
  ('living', 'clothes', '#C5E1A5'),
  ('living', 'food', '#9CCC65'),
  ('living', 'general', '#7CB342'),
  ('living', 'household', '#558B2F'),
  ('living', 'pets', '#33691E'),
  ('house', 'electricity', '#80CBC4'),
  ('house', 'furniture and accessories', '#4DB6AC'),
  ('house', 'general', '#26A69A'),
  ('house', 'internet', '#009688'),
  ('house', 'phone', '#00897B'),
  ('house', 'rent', '#00796B'),
  ('free time', 'entertainment', '#C5CAE9'),
  ('free time', 'gadgets', '#9FA8DA'),
  ('free time', 'general', '#7986CB'),
  ('free time', 'going out', '#5C6BC0'),
  ('free time', 'hobbies', '#3F51B5'),
  ('free time', 'presents', '#3949AB'),
  ('free time', 'sport', '#303F9F'),
  ('free time', 'travel', '#1A237E'),
  ('work and training', 'assistance', '#FFE082'),
  ('work and training', 'contribution', '#FFD54F'),
  ('work and training', 'general', '#FFCA28'),
  ('work and training', 'material', '#FFC107'),
  ('work and training', 'salary', '#FFB300'),
  ('work and training', 'training', '#FFA000'),
  ('work and training', 'travel', '#FF8F00'),
  ('other', 'cash', '#E0E0E0'),
  ('other', 'general', '#9E9E9E'),
  ('other', 'to categorize', '#616161'),
  ('finance', 'costs and fees', '#FFCCBC'),
  ('finance', 'credit', '#FFAB91'),
  ('finance', 'general', '#FF7043'),
  ('finance', 'insurance', '#FF5722'),
  ('finance', 'saving', '#F4511E'),
  ('finance', 'spending', '#E64A19'),
  ('finance', 'support', '#D84315'),
  ('finance', 'taxes', '#BF360C'),
  ('mobility', 'fees', '#E6EE9C'),
  ('mobility', 'gas', '#D4E157'),
  ('mobility', 'general', '#C0CA33'),
  ('mobility', 'public transport', '#9E9D24'),
  ('mobility', 'vehicle', '#827717'),
  ('finance', 'internal transfer', '#FF8A65')
;
